{"accuracy": [0.028266187757253647, 0.028266187757253647, 0.028266187757253647, 0.028266187757253647, 0.028266187757253647, 0.028266187757253647, 0.028266187757253647, 0.028266187757253647, 0.028266187757253647, 0.028266187757253647], "loss": [-1.12566260989952e+16, -4.0672529403294515e+17, -2.671871529611952e+18, -9.390891429439472e+18, -2.4175602075678278e+19, -5.199086911427183e+19, -9.918086584139461e+19, -1.735316101263052e+20, -2.8481012093314243e+20, -4.442891104393542e+20], "val_accuracy": [0.028283633291721344, 0.028283633291721344, 0.028283633291721344, 0.028283633291721344, 0.028283633291721344, 0.028283633291721344, 0.028283633291721344, 0.028283633291721344, 0.028283633291721344, 0.028283633291721344], "val_loss": [-6.15042580962345e+16, -1.0482610543431516e+18, -5.018014388762706e+18, -1.5070342876414083e+19, -3.5416652716292702e+19, -7.171531606820127e+19, -1.3109417324540697e+20, -2.2201759241299454e+20, -3.552726842389813e+20, -5.429918294601546e+20]}